company_id,company_name,year,sector,country,report_url,scope1_tco2e,scope2_tco2e,scope3_tco2e,total_ghg_tco2e,renewable_energy_ratio,energy_consumption_mwh,water_consumption_m3,waste_ton,net_zero_target,emission_reduction_target,target_year,female_employee_ratio,training_hours_per_employee,occupational_accident_rate,board_independence_ratio,female_board_ratio,esg_committee,ethics_policy,anti_corruption_policy,gri_score,tcfd_score,vague_statement_ratio,quantitative_evidence_ratio,evidence_backed_claim_ratio,positive_sentiment_score,firm_size_log_assets,roa,leverage
C001,Aksa Enerji,2020,Energy,Turkey,https://www.example.com/aksa_enerji_2020_report.pdf,801959.0153607862,498726.9042303255,7708955.923523795,9009641.843114907,25.920546631152273,5449431.26335254,1321824.139517565,6673.431393751009,0,0,,36.32253596205616,16.143317817820844,3.6385118641021768,45.34809590836561,14.218598736228698,1,0,1,69.05327784475175,55.59058861430563,42.8858505141383,39.09619686848106,30.91172429637826,53.96741646509448,11.309498290701484,5.709050377072268,66.74164426395977
C001,Aksa Enerji,2021,Energy,Turkey,https://www.example.com/aksa_enerji_2021_report.pdf,780384.2979676113,472379.41574068513,7054852.999735839,8307616.713444135,26.601859674663856,5424737.658927115,1340091.7312921826,6256.941395414521,1,1,2035.0,37.540844993908756,16.284024883130932,3.4544952664143955,46.35698874248019,14.503183636720172,0,1,1,70.2936241923579,55.94381219430416,44.55398605849673,44.01670707322109,28.36688523098263,49.222952120102875,11.40716968448541,5.19080009841253,64.16944142699967
C001,Aksa Enerji,2022,Energy,Turkey,https://www.example.com/aksa_enerji_2022_report.pdf,726418.3564252927,434812.1192017723,6751763.501070179,7912993.976697244,28.975626153111673,5158909.620811023,1308157.5729038108,6184.710319838586,0,1,,39.252222247398656,16.488690024854026,2.941004693584843,46.44247371040975,14.539169989878406,0,1,1,68.57039682636763,56.690377873768966,39.85149058395356,41.220499000710056,32.246252072018954,55.64218662701738,11.509077481913206,4.619492921884868,64.8420621236539
C001,Aksa Enerji,2023,Energy,Turkey,https://www.example.com/aksa_enerji_2023_report.pdf,778175.3264293291,422185.858691489,6959918.207576788,8160279.392697606,31.80150934781275,4972513.553228128,1261312.4792512502,5983.741761836844,1,1,2040.0,38.88830406833111,17.38651327370902,2.981973320404955,46.443968200982376,15.069822873162948,0,1,1,68.16598245512901,56.69868905732647,39.140191319770885,42.67213217087048,30.122384330508652,57.6696122634555,11.630093690429163,6.185866831169756,66.48960321711496
C001,Aksa Enerji,2024,Energy,Turkey,https://www.example.com/aksa_enerji_2024_report.pdf,645992.359649724,396935.9130320148,6242138.61656087,7285066.889242608,32.72433301305394,5179099.229564221,1279195.3371534504,6256.9519974192735,1,1,2030.0,40.30117286885868,16.336803576848745,2.8738219545854355,47.62027730638113,15.602439288057983,1,0,1,69.84187649275256,57.5495248770224,39.47054385659615,48.75686382272856,37.05627392938399,54.524323634113145,11.77529667089759,4.164459892929104,67.23318691446617
C002,Ford Otosan,2020,Automotive,Turkey,https://www.example.com/ford_otosan_2020_report.pdf,490065.3833288543,275394.15831870807,6261807.674152776,7027267.2158003375,6.619567893568494,18289334.57727863,1478257.9140421208,7163.561229941224,1,1,2050.0,39.42560240770883,25.11907659739884,0.48621146280816213,42.07406119947115,18.827561103818375,1,1,1,83.78605500231716,48.34671473589948,56.73491520574727,29.437731591711966,44.29139707456696,64.00358697919525,10.65655446840013,9.671405587766944,64.52834070783923
C002,Ford Otosan,2021,Automotive,Turkey,https://www.example.com/ford_otosan_2021_report.pdf,481366.8480543274,265397.31931073236,6174277.374963934,6921041.542328993,6.9835203731504585,17737337.69902427,1360195.6017253513,6969.924705347552,1,0,2050.0,41.06050374902301,27.373655476636905,0.46318146463414767,42.0772756620703,19.281725685236157,0,1,0,82.36757406124754,50.890516619813894,56.05106389688251,32.6325843726124,44.516963301542376,60.78875513418178,10.76120912737335,9.322764377571655,64.44690549205616
C002,Ford Otosan,2022,Automotive,Turkey,https://www.example.com/ford_otosan_2022_report.pdf,418600.66057744395,236956.95374978991,5617365.51836075,6272923.132687984,7.306777787114212,17908102.115046546,1339770.3806124432,6878.62250812481,1,1,2040.0,41.39230761419279,26.92646098437095,0.5108828184894161,42.146589295260995,19.609840061767052,0,0,1,81.88106119048382,52.592868749479486,49.95340022143533,32.443371633032406,47.350889185095596,57.90048265378613,10.832855545749396,10.423434727295668,65.76112319743446
C002,Ford Otosan,2023,Automotive,Turkey,https://www.example.com/ford_otosan_2023_report.pdf,419128.83631715283,229834.5688023232,5125357.509855948,5774320.914975424,7.563782937872804,17130667.78214916,1308540.4981533445,6461.455921863869,0,1,,42.754123608696794,28.255966509146845,0.5180348800079908,44.11862195188821,19.983160253259705,0,0,0,83.4966165060146,51.30449153165196,52.14503757078384,34.148885066997664,47.81094801896941,65.65699350936615,10.961484249309938,8.596391159638735,66.8203418470995
C002,Ford Otosan,2024,Automotive,Turkey,https://www.example.com/ford_otosan_2024_report.pdf,361060.5684706439,217598.57422963518,4972826.093625097,5551485.236325376,8.196983041912773,16818116.543380562,1321274.3881840797,6684.557576306554,1,1,2040.0,43.86270016349248,29.460341819864407,0.43436094377162543,44.52302496787262,20.378018665328405,1,0,1,83.20129444606152,50.81018546844331,49.22279571809559,36.210231379862236,45.847010195601854,58.60228052110936,11.044138296547041,9.802198069336907,66.78314231398119
C003,Akbank,2020,Banking,Turkey,https://www.example.com/akbank_2020_report.pdf,1895850.3260103075,465728.1551073829,6201723.059648969,8563301.54076666,36.966871096412284,3544311.0026644203,1570974.5309007298,5627.15535328436,0,0,,23.02729178675316,45.48689363788228,1.3205541030044954,32.29755855831137,20.876984207109118,0,1,1,82.95296869834337,66.36601817062494,38.41449062884851,21.712751423810786,52.174961124240994,70.18002441361736,12.554182934809385,9.072412087945928,35.24773507049791
C003,Akbank,2021,Banking,Turkey,https://www.example.com/akbank_2021_report.pdf,1847932.5082665398,421155.44546704186,5874126.931096383,8143214.8848299645,38.612242413769025,3514493.3401286043,1531262.9347496205,5439.133762958801,0,0,,24.196513884860433,47.680606409405364,1.3944032070421712,32.94214608240685,21.64912166905258,1,1,1,85.49464151351087,68.53303288863228,42.34917963074492,18.490782947767578,56.41674671268273,67.63497595157105,12.69743495253874,9.402034784108476,33.831054412207074
C003,Akbank,2022,Banking,Turkey,https://www.example.com/akbank_2022_report.pdf,1803256.207854357,410769.6378886963,5459061.202258431,7673087.048001485,42.151045819174314,3356698.08813493,1529948.2048798215,5157.783997168994,0,0,,24.029919416587937,47.789519132255414,1.1827061160794807,32.64394212392108,21.698885834454085,0,1,1,86.10018371496422,68.02061501408787,37.123587274662505,23.901940257236117,56.12423672711802,68.03755887988333,12.834813977497491,8.25914780945281,34.592227041643895
C003,Akbank,2023,Banking,Turkey,https://www.example.com/akbank_2023_report.pdf,1573879.060151365,388576.7506039035,5391965.102464469,7354420.913219738,43.854378002730606,3380708.9214764647,1496054.7145304973,5389.507647755296,1,0,2030.0,24.892049403433273,46.1866320276411,1.2231924956607232,32.38634748941274,21.81008262236305,0,1,0,85.60965008493409,68.19857500279659,37.5764653319014,23.52278266076233,54.5406367330221,66.8697667183975,12.925675881007669,8.66117626957551,35.0793282853331
C003,Akbank,2024,Banking,Turkey,https://www.example.com/akbank_2024_report.pdf,1460361.9734845818,341657.5514971479,4811056.86343985,6613076.388421579,45.50137827853309,3301087.0645772535,1437689.9965583833,5169.806891442078,1,1,2030.0,25.69301684312653,48.939013870072145,1.0533080966475237,32.741808112238445,22.073898220548102,0,1,1,87.93141655758491,71.75783242750583,39.10046384994337,24.217505853066275,56.8379113953736,62.07277243405036,13.099403170969588,8.945340015324609,33.88780686937112
C004,Arçelik,2020,Consumer Durables,Turkey,https://www.example.com/arçelik_2020_report.pdf,798589.256534297,76654.8546478343,9117559.494327232,9992803.605509363,26.972749779887817,10310964.121398985,858232.3428410542,25538.50057081081,0,0,,34.09015410425643,45.190596828861494,1.8395514648734492,27.645691788770492,23.891490078641738,1,0,1,67.1034206128983,58.38538733265447,48.693510454511426,21.7906735387027,27.964383441509494,46.549647510637165,12.22554262780764,5.669842918180457,53.006741632951226
C004,Arçelik,2021,Consumer Durables,Turkey,https://www.example.com/arçelik_2021_report.pdf,742342.0141555449,73085.01613580268,8601460.318444315,9416887.348735662,28.576960626242187,10346219.959262032,824899.9101801629,26185.289690372476,0,1,,34.77421869765808,46.37736028330065,1.8369999288084484,27.78354851989889,24.264580438932043,1,1,1,68.23275989826266,58.218243841445364,46.17114619361086,19.275712375511468,28.713854349415698,46.16806748694726,12.372937984535929,3.024886934739551,52.75492416856223
C004,Arçelik,2022,Consumer Durables,Turkey,https://www.example.com/arçelik_2022_report.pdf,751399.2439707145,71778.7634250458,8155676.595530104,8978854.602925865,29.965009343854177,10122134.069780482,825643.2331969133,25105.36154257893,0,0,,35.71851177413557,50.34700935887711,1.5930457909370133,29.01070044263545,25.72928444103188,1,1,1,67.83483967802115,61.791175128768835,42.83206808622079,20.344297608326755,30.470995246049355,41.310194944868165,12.517712194510027,5.493464935992511,54.088759850931126
C004,Arçelik,2023,Consumer Durables,Turkey,https://www.example.com/arçelik_2023_report.pdf,651822.4791691406,65064.144256314714,7544434.228280899,8261320.851706354,31.20935911077847,9945324.033595216,821578.5986159598,25245.18209990253,0,1,,36.877479752381575,52.71046869373296,1.4551424719560877,28.704050758120324,25.48720292413547,1,1,1,67.77984156449237,61.5963939553247,47.26952276079852,21.152402173187436,29.023920179577807,40.99369696878229,12.613830961890903,3.161198593630133,53.01609118001467
C004,Arçelik,2024,Consumer Durables,Turkey,https://www.example.com/arçelik_2024_report.pdf,574421.9006191874,60152.88123697193,6984950.899862095,7619525.681718254,31.81681179275132,9972167.447048638,783852.3502275152,24356.94798384585,0,0,,38.71181476194432,54.117058493421126,1.4177858112341366,28.71402774288239,26.03208829074097,1,0,1,69.00761258177684,63.77937162596204,45.64765469672738,24.639663555174078,35.40352029929638,40.99432727814917,12.748528588740971,3.700723333185384,54.520486339489096
C005,Tüpraş,2020,Energy / Refining,Turkey,https://www.example.com/tüpraş_2020_report.pdf,1834625.9630521,143244.4525560679,4292493.506573117,6270363.922181285,30.921180409864895,7662562.00583176,902105.9590242425,24418.61114400057,1,0,2050.0,39.65335848960993,37.322515766710225,2.9785453984250547,45.33100832790907,13.968695227193065,1,0,1,80.56704976510953,51.962809978596354,35.705661344642934,28.470753450025597,39.024070943636715,70.74959815534956,12.967131244778452,3.1702274627066545,54.877584492700045
C005,Tüpraş,2021,Energy / Refining,Turkey,https://www.example.com/tüpraş_2021_report.pdf,1759763.717254572,126570.90277673546,4246419.158781641,6132753.778812949,32.10350154130888,7504262.145368011,922913.947669633,24461.481150901043,0,1,,40.69003149633512,38.465319913794566,3.157093455264892,45.89555255636072,13.84959284298857,1,1,1,83.68511099799797,50.425634860037576,37.03146445596248,31.3307078788723,40.22754633926433,70.92570245431564,13.132442051607452,1.3782626512955356,54.919539207829764
C005,Tüpraş,2022,Energy / Refining,Turkey,https://www.example.com/tüpraş_2022_report.pdf,1747126.3999340856,125200.69455576966,3936400.8419470824,5808727.936436938,34.23480122293979,7531010.649303941,889877.2830153323,24413.024301025212,1,0,2030.0,40.64699624651392,38.686848418530154,3.0914052368800937,45.61495941233526,14.515908794753361,0,1,1,82.50779798473673,52.56107198629891,35.53464175790931,29.329931293700145,39.40391048273768,66.14869766845669,13.287960128905373,1.5333934361057504,53.34468437153294
C005,Tüpraş,2023,Energy / Refining,Turkey,https://www.example.com/tüpraş_2023_report.pdf,1682272.4158297346,118528.18938843785,3854946.372020872,5655746.977239044,37.30770160764093,7052228.407443229,849614.0306028716,22769.758388195954,0,0,,43.57130843355405,39.41403008683706,2.8518112813138035,45.54978793023348,14.54501293241075,1,1,1,82.26030965507364,54.74368920680902,36.251010202137884,28.9493806544985,45.72011551807679,68.1184564869575,13.385143222861052,3.488016203193883,51.787064975439634
C005,Tüpraş,2024,Energy / Refining,Turkey,https://www.example.com/tüpraş_2024_report.pdf,1511975.6180333048,106995.41523754655,3592077.1433751713,5211048.176646022,40.053056941708896,6820886.750504424,825987.7039735358,22000.869957463354,0,1,,45.543105516439056,44.136963232290015,2.496775506875973,47.19714342642815,14.861353549747397,1,1,1,81.60477704407444,52.99866198703231,37.007877723750994,30.651514075887956,43.17606036392451,69.33323226343767,13.544633525247313,1.5426693576935122,52.86435898677711
C006,Aselsan,2020,Defense,Turkey,https://www.example.com/aselsan_2020_report.pdf,926288.5814946174,125771.7476053181,1563939.867679371,2616000.1967793065,16.49423285896737,28059205.1204794,2283421.127657939,42448.538304238944,1,1,2030.0,43.324529796240725,47.50591858609372,1.1068106443947503,37.771341197602204,16.173068907119514,1,1,1,65.75420257866008,43.26988227823942,43.8314463785327,51.420998523970425,34.736212135834855,49.21353557698372,11.750426984779637,11.087309224918581,40.57937092551134
C006,Aselsan,2021,Defense,Turkey,https://www.example.com/aselsan_2021_report.pdf,870062.3762813902,127259.61065540572,1536105.8039077178,2533427.7908445136,17.949821848557864,27034218.591851156,2250211.560864714,42434.856714789894,1,1,2035.0,45.22373641961319,47.883811597119305,0.9096735746408116,37.66189523244822,16.398641246364758,0,0,1,67.55972274369942,42.354426350169376,44.31170361079545,49.79997470548149,34.96727687244611,50.333985963737774,11.819881485215541,9.096287204209816,39.83118337106372
C006,Aselsan,2022,Defense,Turkey,https://www.example.com/aselsan_2022_report.pdf,788582.6469440457,110547.36749427006,1447959.2046896813,2347089.219127997,18.6813170603515,27411722.352129266,2250092.245263895,40246.33681282192,1,1,2040.0,47.41243393005885,51.80707143922338,0.9745674740242583,38.31018952871155,16.903659324124153,1,1,1,68.52838512390807,44.62810066145451,39.24555317295311,50.60188709141808,34.2857741014222,53.68559633801574,11.928961964688575,9.906908058949984,39.05877865421909
C006,Aselsan,2023,Defense,Turkey,https://www.example.com/aselsan_2023_report.pdf,851712.7495374564,120499.31016914596,1416513.732717549,2388725.792424151,20.62932554752161,25947358.797585435,2092636.9389317608,38954.20879125461,0,1,,45.88437621885666,52.02954054079752,0.9640342882891153,39.27883138893192,16.702819948229315,0,1,0,69.76828054029444,45.02623201018158,43.687061046643095,54.76080873641027,35.426930771018064,50.52531856474884,12.101367699248485,10.097032872801297,39.01403545680487
C006,Aselsan,2024,Defense,Turkey,https://www.example.com/aselsan_2024_report.pdf,700402.6610440135,99169.0118325075,1225408.733798916,2024980.406675437,20.968997640144785,25126468.68998644,2087434.8148397936,39709.92119112187,1,0,2030.0,51.70545366801645,54.131479701100375,0.8168534422506061,39.1628286265686,17.48247266027825,0,1,0,70.20612011405852,47.73545404122763,37.04080838174406,55.02861690151028,39.18301889595768,47.63065844158751,12.194628922243243,10.21469904938089,41.14624292741136
C007,BİM Mağazalar,2020,Retail Trade,Turkey,https://www.example.com/bi̇m_mağazalar_2020_report.pdf,1383736.230810321,389297.6773642291,2770155.0863285535,4543188.994503103,29.89570727581399,11433640.932863915,4011709.380767489,52215.37369612473,0,0,,40.615363000510655,27.31373290568998,0.7517247988999095,25.654057988079604,21.841093833814103,1,1,1,58.914854996471114,63.443011292727846,40.358397665061744,46.11718134648865,38.12090966974701,77.06904256050325,10.438451331516493,6.09251089850199,35.7250807815519
C007,BİM Mağazalar,2021,Retail Trade,Turkey,https://www.example.com/bi̇m_mağazalar_2021_report.pdf,1284206.3832062047,370036.890675622,2570933.907312918,4225177.181194745,32.03423010512627,11543631.989254393,3996724.1483886195,50460.75671744976,0,1,,41.21298510944386,28.38276148390288,0.7750969415339042,25.883510423864813,22.574156709529255,0,1,1,57.459804728645075,65.30744270171974,38.458926070448555,42.76043968981575,41.59115257031833,71.83699649248591,10.588786456971464,3.5654438416357257,33.11664451520644
C007,BİM Mağazalar,2022,Retail Trade,Turkey,https://www.example.com/bi̇m_mağazalar_2022_report.pdf,1248598.5980531664,352344.2920676466,2569863.2197093763,4170806.1098301895,33.860223446826694,11538368.576168915,3902933.923871545,49813.74669316532,1,0,2050.0,42.77761443969638,28.563564799767747,0.7883383679935382,26.488563128636912,22.769181045315786,1,0,0,57.28778714410379,61.97903772864318,39.453527222650486,46.12882077024607,40.249700888943025,70.42137062326178,10.680040370191747,5.011959813960587,35.093375891263186
C007,BİM Mağazalar,2023,Retail Trade,Turkey,https://www.example.com/bi̇m_mağazalar_2023_report.pdf,1089836.3215197583,322847.5948836206,2243063.8451196747,3655747.7615230535,35.82596669258,11150323.727156496,3610751.661821326,46602.83735982125,0,0,,41.96732333447291,26.788864628980384,0.6360101882508209,26.6106144929701,22.874066461199657,1,1,1,60.360267950875006,63.157882375516124,38.41858137834724,48.105281742498704,41.24718635669999,73.43147752761539,10.778196378957842,4.227536547576662,35.78425627661927
C007,BİM Mağazalar,2024,Retail Trade,Turkey,https://www.example.com/bi̇m_mağazalar_2024_report.pdf,1064649.3798165289,295050.30444888416,2146396.220250088,3506095.904515501,36.69403381668549,10967405.237373445,3568736.851646921,47582.187708334895,1,0,2035.0,44.724258620353524,27.4676381129894,0.7669467724125825,27.03297072073713,23.452564891231436,1,0,1,62.049829823597065,65.61977915860649,36.180212744302615,45.80450032988293,41.54853581213359,75.98091954502468,10.93704485589477,5.053990046381442,35.13366218310844
C008,Koç Holding,2020,Holding,Turkey,https://www.example.com/koç_holding_2020_report.pdf,1775790.8101509612,424256.5130818853,2870003.72159081,5070051.044823656,27.965586577822116,24312732.516305696,3555677.8313968764,44158.08716942594,0,0,,41.34936669003668,47.846234078637494,2.319716136302727,33.32984779000206,16.984974802609123,1,1,1,77.42556887525454,63.356795884715,35.371867245504504,23.928899938724914,58.3618066228934,61.41815156825185,9.984479063155817,1.7731457919323501,58.752037347847754
C008,Koç Holding,2021,Holding,Turkey,https://www.example.com/koç_holding_2021_report.pdf,1761046.1396917868,433286.3527252618,2798704.882227191,4993037.374644239,29.47360183119003,23630043.83261207,3558009.258296734,43191.265372827744,0,0,,43.69873246007909,46.349902629841566,2.196365901608602,33.44879930826818,17.032810236534836,0,1,1,79.66670069169793,62.73763253211568,38.18849774801086,23.814514451752984,54.82658932001774,64.21840342821635,10.118991399379238,2.471154866405698,60.11534397257804
C008,Koç Holding,2022,Holding,Turkey,https://www.example.com/koç_holding_2022_report.pdf,1689013.4075542062,412508.59359200863,2833572.3740466055,4935094.375192821,31.31005779030826,23310390.092328355,3334041.715091108,42408.248044887405,1,1,2050.0,43.320840372969876,50.44181896164547,2.0914467108565393,33.88063885459383,17.75109680926402,1,1,1,78.77571712630461,63.490843564019784,33.92919767844439,27.3830294098217,60.87999446331934,65.52901559540172,10.259763963635502,1.3448661362141985,59.52219560258156
C008,Koç Holding,2023,Holding,Turkey,https://www.example.com/koç_holding_2023_report.pdf,1545724.8192903649,376478.7639178222,2647199.086871491,4569402.670079678,31.920930453566932,22947544.115132917,3348299.6234759954,42637.71892846555,0,0,,44.628671864873375,50.550999620761964,2.1466397716015595,33.925692339696596,17.99477507509295,1,1,1,78.67392579935571,64.54865080135463,34.156331970694374,29.866742328008236,61.551506610931035,67.74621865482699,10.36184570970348,2.257993030172295,60.61011843420868
C008,Koç Holding,2024,Holding,Turkey,https://www.example.com/koç_holding_2024_report.pdf,1519253.9140920115,382597.207659454,2360420.5104939565,4262271.632245422,36.08712093892682,22667056.817998454,3306892.522992446,39695.17984044723,0,1,,45.95229749697077,52.9447987917853,1.9644955562711661,34.17651238152234,18.038281625182368,1,1,1,80.64707749620801,65.45504478389378,34.101327737541745,26.4701222116951,57.784910080646334,65.93940710159953,10.449614328991574,1.8673590465306606,58.55401695119885
C009,Sabancı Holding,2020,Holding,Turkey,https://www.example.com/sabancı_holding_2020_report.pdf,111374.19977957247,99757.24613251965,5578742.7048739055,5789874.1507859975,28.72803546931334,19662553.192130297,1761482.7979888534,57980.44241326842,0,1,,37.5667773649058,38.773541124431276,3.020633305383199,40.68105475016646,21.76656454004559,0,1,0,58.86932815109691,75.04766213405372,48.66355046854364,52.16050107518798,44.8584263881014,67.22701416619444,11.802038189900777,5.789077912542429,51.651964317198924
C009,Sabancı Holding,2021,Holding,Turkey,https://www.example.com/sabancı_holding_2021_report.pdf,104581.30601429837,94342.02161499871,5726722.996449635,5925646.324078932,30.16735740142318,20084888.62846675,1724254.2291149911,56018.23972088403,0,0,,39.39632949665357,38.1330516657915,2.825555553770077,42.42729575310648,21.99267992989768,0,1,1,61.13945560878685,76.68644052555192,42.95007560075007,50.092037168803444,45.84989527818221,71.1041382061024,11.908600657112547,5.755765175942889,52.18670699365619
C009,Sabancı Holding,2022,Holding,Turkey,https://www.example.com/sabancı_holding_2022_report.pdf,99959.41273406321,86974.85458906257,5137115.688595042,5324049.955918168,32.32936597376216,19274822.00039437,1696808.128171078,55548.86483149022,0,1,,38.60668305340882,38.73345700084717,2.965175913275119,41.59143305302539,22.13326387046857,0,1,1,60.5233041801398,74.83376816923881,43.39236438406532,54.95067995255289,49.64414079058199,63.89663524167858,12.020513498388345,5.22116514183159,53.1462313527738
C009,Sabancı Holding,2023,Holding,Turkey,https://www.example.com/sabancı_holding_2023_report.pdf,103603.14096707334,86672.60662426427,5073681.928910427,5263957.676501764,32.921043229221105,18806448.478352882,1577731.6890341856,52633.61545798184,0,0,,40.56398802322617,40.75456368169801,2.303807490592935,42.88771178911558,22.517229795672907,0,1,1,60.99147192345947,74.82482686302833,44.13528062862053,54.100580027716966,50.214859852038174,69.879215772214,12.129653514366854,7.530198076053182,51.24257910236173
C009,Sabancı Holding,2024,Holding,Turkey,https://www.example.com/sabancı_holding_2024_report.pdf,85978.78548598372,73018.56421135255,4283938.19301151,4442935.542708847,35.65987226373776,18295003.99503969,1567624.4285943257,51803.2756512221,1,1,2040.0,40.31200876472339,39.10261212309151,2.4914608045880287,43.500669596001444,22.890348455204602,1,1,1,61.15761278296713,78.51898205095381,45.15236563228879,55.160654658645626,52.54074602555404,65.87370278199847,12.236154015395043,8.054171222112522,50.82447266572957
C010,Migros,2020,Retail Trade,Turkey,https://www.example.com/migros_2020_report.pdf,475003.0058397623,369948.869657626,3229946.4011844127,4074898.276681801,5.917194967220137,20136016.789287146,1449833.8213329585,74799.25590908954,1,1,2030.0,26.08697726670722,14.971373478826466,3.4122250200911495,35.69954958182339,29.259001803810456,1,1,1,62.01983683017812,70.79528384720618,45.449391092291165,28.671933860513985,41.901792284180786,68.65519043633597,12.414322995831725,5.845606411922637,33.36085741597258
C010,Migros,2021,Retail Trade,Turkey,https://www.example.com/migros_2021_report.pdf,433122.8525756101,338083.88018488616,3065189.661678709,3836396.3944392055,6.245573958794673,19481192.387122534,1416656.6868670345,72548.66033454522,0,1,,26.748339013890998,15.73699486223264,2.784615986363383,36.29791079680058,30.47434428741763,1,0,1,63.113918157429524,71.50622268636482,46.40399854348192,25.26458183203064,46.28556265057381,70.06561955242083,12.56699835670319,6.452286820779928,36.26096353821073
C010,Migros,2022,Retail Trade,Turkey,https://www.example.com/migros_2022_report.pdf,420920.70473357715,319971.1417835434,2773818.318436298,3514710.1649534185,6.347561145934921,18721921.845011316,1396427.615713261,69637.03593275318,0,1,,27.200491430428645,16.129714138501438,3.055909000397399,36.39640213155763,30.098579342852904,1,1,0,64.36089300645605,72.04089115709466,42.7212341393787,24.953098554705402,46.37499524260519,76.14867939715182,12.680750361889348,5.216359093377725,35.51805501722072
C010,Migros,2023,Retail Trade,Turkey,https://www.example.com/migros_2023_report.pdf,415406.84094787366,320398.4499837714,2814213.1328037847,3550018.4237354295,7.023546709181928,19312849.46393399,1443917.2479127052,73773.40839264338,1,1,2035.0,28.81597254775768,17.205235179984676,2.893052305217072,36.45569121526149,30.957178487480174,1,1,1,63.60292807898294,71.88857305611229,39.763189642931465,26.38708682867065,44.62021182466894,71.65135296624108,12.834935605492218,5.889814432465108,33.62233862722664
C010,Migros,2024,Retail Trade,Turkey,https://www.example.com/migros_2024_report.pdf,369887.59135322494,308892.3234101833,2570804.377487726,3249584.2922511343,7.170426947705233,18795129.497597173,1384101.0742425157,73040.73820621823,1,1,2050.0,27.842229523467807,17.448798647591403,2.4546092023298582,37.0441495424216,31.825848568481213,1,1,0,67.90786118661501,72.87540638620499,43.144098361389084,30.354345092849588,49.05210868818195,69.74419217778127,12.971741235727366,6.342958424476765,33.0218758428145
C011,Şişecam,2020,Glass / Industrial,Turkey,https://www.example.com/şişecam_2020_report.pdf,1276093.8212468578,496582.7481602417,1870957.3652346767,3643633.934641776,22.752210695383557,25947857.7659887,4672530.395033746,57446.31134369606,0,0,,23.780298223622886,44.72121722742783,2.7916544432500414,46.666002184971305,28.635927175041925,1,1,1,71.15128749131593,63.5283371550434,56.725612021649,50.23783543310782,36.53193636323623,58.75575194883139,10.344051547931208,6.989026830404685,31.02690210729201
C011,Şişecam,2021,Glass / Industrial,Turkey,https://www.example.com/şişecam_2021_report.pdf,1195998.3767014567,490695.0620393602,1754331.448753018,3441024.887493835,24.339792673973168,26298194.674825855,4382578.694099462,54355.634411422056,0,1,,24.445324214182953,45.525544929234016,2.7386443199999526,46.77644200742237,28.498727533972918,1,1,1,75.10116553595945,66.78991318307477,59.1584474264604,53.29690975738473,36.664046345405104,60.339438886256616,10.449299388528054,6.807563020910711,30.06136019770732
C011,Şişecam,2022,Glass / Industrial,Turkey,https://www.example.com/şişecam_2022_report.pdf,1160771.5048366673,471553.4550526124,1689811.5147396938,3322136.4746289738,26.09749122567,25677942.752585635,4339861.938200194,55781.78587535019,0,1,,25.331446417646962,48.39651147114307,2.7352698418998975,46.692429173661665,29.939583380655055,0,1,1,75.28535019382197,64.41329194344827,58.35323385062168,52.78850750126519,35.9425799565354,53.686426861786714,10.486755928859633,6.532545024362909,30.822463363893394
C011,Şişecam,2023,Glass / Industrial,Turkey,https://www.example.com/şişecam_2023_report.pdf,1071501.9620619651,418427.23423227447,1616850.9126067464,3106780.108900986,26.455085745912243,24542919.69952186,4226602.789223642,53012.95668268218,1,1,2030.0,26.149168827335522,47.66109021283793,2.726119994153713,48.2181691922438,30.151040123539314,1,1,1,75.13636266212363,65.74831148729724,57.273979029636095,51.58719639780055,42.9185542725327,51.51890816197105,10.658249938739404,5.372862319104737,33.260108638593955
C011,Şişecam,2024,Glass / Industrial,Turkey,https://www.example.com/şişecam_2024_report.pdf,1020789.9093570686,406921.0309639049,1477441.1033382048,2905152.0436591785,27.887907810437728,24867717.18835335,4263743.611805637,52656.31471182043,1,1,2050.0,26.557978524667565,50.20460743274083,2.458628316007336,48.55604743676197,30.6897422998874,1,1,1,73.423568604745,66.45191848825114,53.380939187308066,57.30236450303936,39.47319206584212,56.08789916031915,10.711704032294604,6.958581341196696,30.740135182917292
C012,Türk Hava Yolları,2020,Aviation,Turkey,https://www.example.com/türk_hava_yolları_2020_report.pdf,986268.0354984758,266600.37425893644,3063504.260526306,4316372.670283718,25.203299793291688,1866287.151774638,718221.9474424133,66448.86031939172,0,0,,30.540966985665367,40.21763783206239,0.8417573419768369,40.321076008050674,11.710420147506687,0,1,1,70.83600303202915,64.51212278237124,63.643018837461916,37.60148126177482,35.76960300453688,72.93169586862666,10.969316143863946,5.8354870079172,32.7680280318531
C012,Türk Hava Yolları,2021,Aviation,Turkey,https://www.example.com/türk_hava_yolları_2021_report.pdf,974025.4751351429,273894.6797319013,2896728.295579905,4144648.4504469493,26.788538896139826,1806902.8370971053,699053.0546237956,65889.8304425386,1,0,2040.0,31.1194318141293,43.69080825585023,0.941662031353012,40.821021999400266,11.855628829245065,0,1,1,74.57658910719312,66.76048135265677,63.097840214788924,36.856255212008165,35.045668762411786,65.3988014958919,11.024576856344142,5.925402643635991,34.49446216150028
C012,Türk Hava Yolları,2022,Aviation,Turkey,https://www.example.com/türk_hava_yolları_2022_report.pdf,928449.5842326239,268619.0424530714,3035626.8109387397,4232695.437624435,29.020246032469327,1767773.0699136555,674544.0757000084,65218.036822140406,0,1,,32.712038539466505,42.27537549022412,0.9011024609194039,41.22462462762146,11.969521764002199,0,0,1,72.8345980966117,66.53048087652081,63.10517206742429,40.94340909655743,35.34518808543734,72.75210617323677,11.118102107307212,5.121928369667854,31.6402184002926
C012,Türk Hava Yolları,2023,Aviation,Turkey,https://www.example.com/türk_hava_yolları_2023_report.pdf,872406.2769480365,248150.94253712177,2752315.0139250346,3872872.2334101927,29.946379114896864,1788501.4253553038,645736.664141868,61216.617876991586,1,1,2040.0,32.09582461510128,43.231301592494894,0.7954168164018118,41.56308771699866,12.269335273135024,0,1,1,73.59877627501074,65.31850479168558,62.06434155144554,42.649777865162605,37.583394185964416,64.24554596881022,11.229445844891712,5.175731645485698,32.17063690625474
C012,Türk Hava Yolları,2024,Aviation,Turkey,https://www.example.com/türk_hava_yolları_2024_report.pdf,905576.0180808571,250462.37600364297,2828498.097944823,3984536.4920293232,32.51664357217972,1646427.2215660657,637777.297553229,58817.686923856236,0,0,,34.00772291935151,45.17180582890573,0.7471185807336153,42.26504038334849,12.468592485457805,0,1,1,75.32247687375585,68.95674957112438,57.413796900997056,40.57247510419631,38.417003928905515,67.28006563140823,11.362854163807029,6.911023523244311,33.76137246540215
C013,Garanti BBVA,2020,Banking,Turkey,https://www.example.com/garanti_bbva_2020_report.pdf,149358.6720654555,464677.949722009,8394573.93470498,9008610.556492444,29.346059227852084,13240678.001106316,1486277.3113335555,14307.24667483053,0,0,,36.28503935763032,36.35193085555469,1.1334519093180708,48.33941942803663,25.217474237246638,0,1,1,57.193194007834364,53.621082929893696,55.48430819773216,22.269036077337887,27.717147827250212,50.150985070834466,10.186955017498935,7.790072580303405,61.51530609236264
C013,Garanti BBVA,2021,Banking,Turkey,https://www.example.com/garanti_bbva_2021_report.pdf,139143.76495823255,469953.4629269596,8011381.001836114,8620478.229721306,30.654202741155295,12877928.304495411,1422928.3485458146,14011.817559623061,0,0,,38.49929824880582,39.13805228581648,1.119385002031066,49.50552492301297,25.713761212596896,1,1,0,60.664013703101475,54.83880944521945,54.10087278609097,23.611965551601443,29.640602108766586,46.4844041506949,10.25663556730688,10.122832492278318,59.74106804982012
C013,Garanti BBVA,2022,Banking,Turkey,https://www.example.com/garanti_bbva_2022_report.pdf,138361.9376842443,451717.49992028816,7886921.4720766125,8477000.909681145,31.727461449421035,12644753.343916168,1384579.4045393316,13476.218979816602,0,1,,39.62724693686977,42.50300297517133,0.9429651732007329,50.323367577338736,26.09240149048158,0,1,0,60.862115616433755,55.5999993789272,57.215297083309096,23.261888682416902,28.87831178600591,46.25635735732469,10.303166757745883,8.56631376518535,61.29302962860358
C013,Garanti BBVA,2023,Banking,Turkey,https://www.example.com/garanti_bbva_2023_report.pdf,133970.53646588014,425358.40634493117,7989052.200478258,8548381.143289069,35.191126755483424,11752799.084982872,1310301.8694242856,12633.062155376536,0,0,,39.29011981201698,40.05549588728624,0.9513476009457312,49.79893380379578,26.01352704442596,0,0,1,60.50869226589072,55.767624802647575,51.83801592022927,24.749461459574764,35.67954552371699,47.41501022108636,10.432608740771244,9.287137010059643,60.156286385962616
C013,Garanti BBVA,2024,Banking,Turkey,https://www.example.com/garanti_bbva_2024_report.pdf,114951.49088618369,371994.7823063768,6603583.944694386,7090530.217886946,35.997244048447975,11462712.023719126,1332529.1785015862,13107.276123945247,0,1,,39.94071897583556,43.54232319557354,0.9680627518047784,50.387913607932454,26.346937112902157,1,1,1,58.83805567460679,55.39280333647421,51.404940981682785,22.05003247569798,33.48256867188061,42.00697547687124,10.582186689676652,7.355144440063807,60.651899148908676
C014,Ereğli Demir Çelik,2020,Steel / Heavy,Turkey,https://www.example.com/ereğli_demir_çelik_2020_report.pdf,982540.1983053169,64294.652733620605,5098086.84644538,6144921.697484317,21.867224533408855,6127266.11693443,2954044.9793376382,32951.99671810006,0,1,,16.09036581020343,28.637179629117426,2.2144350420375774,37.77789050139351,27.351020882851376,1,1,0,74.34886475773575,41.972047029959896,55.27790368459193,54.123301459082356,43.92990947749242,52.69874700870422,12.27969115088273,6.098470788359881,52.74549956879026
C014,Ereğli Demir Çelik,2021,Steel / Heavy,Turkey,https://www.example.com/ereğli_demir_çelik_2021_report.pdf,1007296.7595951321,64445.15299443156,4942462.935910416,6014204.84849998,22.51467166622131,5871983.926924291,2759866.775032636,33030.46860473563,1,0,2040.0,16.81174096431615,30.11262648486685,2.21432541576462,38.40393340940564,27.953569767949244,1,1,0,73.87406618017016,43.41427010259264,49.151450477105534,54.58922872192774,45.59732876058596,57.43685033994288,12.33255798584215,4.295043979532951,55.22022216142076
C014,Ereğli Demir Çelik,2022,Steel / Heavy,Turkey,https://www.example.com/ereğli_demir_çelik_2022_report.pdf,918388.0551857775,60015.0922593033,4429241.630586043,5407644.778031124,24.084926477245872,5798247.634001925,2757492.4159687604,32056.724952770615,1,0,2035.0,17.34994847988379,28.245477931982794,2.2711521325848683,38.35915486634534,28.415362819498856,1,0,0,75.68609088037475,41.159911194723165,47.51268534414664,56.258822187131884,48.88732536323243,52.847170077401415,12.473097223135062,4.21868021403202,53.725989962339334
C014,Ereğli Demir Çelik,2023,Steel / Heavy,Turkey,https://www.example.com/ereğli_demir_çelik_2023_report.pdf,846122.0435187637,55644.23088601929,4306887.787449688,5208654.0618544705,23.969661318219266,5768129.7885563895,2743617.308001952,29927.03114110225,0,0,,18.022419038629707,30.70536309041619,1.8476323539570765,38.28500440113683,28.46610193667792,1,0,1,75.53193894905314,44.32026648917225,52.25756301729555,57.47749920309787,47.19211090068028,61.272781288727714,12.576614531546358,5.263065368716247,53.454280591244135
C014,Ereğli Demir Çelik,2024,Steel / Heavy,Turkey,https://www.example.com/ereğli_demir_çelik_2024_report.pdf,842023.01611577,59143.77374862294,4638482.230836864,5539649.020701257,26.39139764692469,5435094.509363562,2566117.3924208195,29922.651855836408,1,1,2050.0,18.053545565455508,30.865775951485958,2.09631941923422,39.37871339357362,29.804854855129015,1,1,1,74.06519012957145,45.1360472157728,47.744126373849504,58.76628375048311,51.39563537857506,57.854183688372736,12.784435143831653,6.44858615747562,54.74019408311758
C015,Petkim,2020,Petrochemicals,Turkey,https://www.example.com/petkim_2020_report.pdf,1880963.1860639236,206579.1970332895,9981853.050511017,12069395.43360823,37.27085643127594,6532496.936921536,907666.3379493314,9876.796067345244,0,0,,35.68403457522149,17.48851717826573,1.3661119296987816,46.163465741151576,10.347856362530818,1,0,1,72.4379190587736,60.06975983487901,63.30051016756266,47.120222174193735,52.252078902181445,55.44414874941492,10.610558995860027,9.363608401120349,68.17577399273102
C015,Petkim,2021,Petrochemicals,Turkey,https://www.example.com/petkim_2021_report.pdf,1879909.4014711217,202763.25861512826,9082214.132247042,11164886.792333292,38.38847551844214,6686460.810199133,872480.5450340954,9812.753978645675,0,0,,36.537861201328276,18.191083016338972,1.078344984908503,47.157153142436584,10.537208971451317,1,0,1,74.50090728723,64.26363603512078,57.486735585041956,48.80785032050192,51.78394643958508,58.36190093781401,10.772733486565167,7.988943581900717,66.35844425827739
C015,Petkim,2022,Petrochemicals,Turkey,https://www.example.com/petkim_2022_report.pdf,1754116.927674285,180441.24866275073,8412619.472529268,10347177.648866303,39.681937094595824,6518161.786307402,879378.6635845784,9489.61730731606,0,0,,38.6707404626583,19.465177167937473,1.0001763991520929,47.68377724648799,10.993668363180864,1,0,1,74.74888907849952,63.68989213037971,60.19990741499466,48.05880428332175,54.83335043922458,51.72442148645907,10.867425136864489,6.936361064071308,66.02797477314608
C015,Petkim,2023,Petrochemicals,Turkey,https://www.example.com/petkim_2023_report.pdf,1622114.5619777697,168756.54631640422,8205358.487845008,9996229.596139181,44.94919247338951,6148439.462079584,814113.5845274228,9129.411508588972,0,1,,38.56984297562848,18.721772975224518,1.0346537973557401,46.73605031975798,11.23835388450235,1,0,0,77.36530131719437,64.31610273317236,58.30334048488512,45.24037169439876,54.32651974505879,57.77113688599219,10.92885195165425,8.145019574797171,66.43564998296388
C015,Petkim,2024,Petrochemicals,Turkey,https://www.example.com/petkim_2024_report.pdf,1476056.6098172257,165510.74022061526,8047699.544127065,9689266.894164905,43.07054785791073,6381407.107704231,864932.5740161245,9204.001490201323,0,1,,40.44275632637593,19.654395085979566,1.0160421308637662,48.726629814367,11.446455916252706,1,1,1,78.59160238662831,64.57950554376507,55.96771447393513,50.245885071998195,56.614509939455395,49.957051672408724,11.033948907474278,7.748327159744896,67.32288206930376
C016,Kardemir,2020,Steel / Heavy,Turkey,https://www.example.com/kardemir_2020_report.pdf,1936180.3930352554,218440.18367872585,3940920.619376496,6095541.196090477,32.15111746808186,11176635.07415817,5663722.855060444,67425.12455794535,0,0,,37.14263247767257,19.48847763087549,2.961671929365855,37.149923211378926,26.10280996676953,0,1,1,49.757734139600686,69.8118007919065,35.049972100694475,29.02899999588789,56.53252893463231,75.16967635051074,11.972765236431684,5.91132087088961,51.2389250549295
C016,Kardemir,2021,Steel / Heavy,Turkey,https://www.example.com/kardemir_2021_report.pdf,1873663.6650461615,208506.69118329915,3766395.9916660213,5848566.347895482,34.01385440782801,10950961.069100227,5359190.158349138,68879.31586008538,1,0,2030.0,39.01622039819289,18.827313412540686,3.2121310261674125,38.07821064117238,27.565246289682076,1,1,0,49.92422649679492,73.99223143153337,36.67503234563975,31.659147737408727,57.2566921810376,77.17117199721581,12.092830255333789,6.484061274985692,49.34023061687414
C016,Kardemir,2022,Steel / Heavy,Turkey,https://www.example.com/kardemir_2022_report.pdf,1792393.9024133089,199603.67817280744,3496891.08396434,5488888.664550456,36.25951992603081,10554115.630854417,5163881.979504413,65961.51857316338,1,1,2035.0,39.01301474592316,19.3585853055816,2.7724197950751854,38.96427679947199,27.706751686083496,1,1,1,52.18961730710039,71.44366117742638,34.13744921565917,31.931471195178798,62.75799846301181,76.36683263771548,12.270521935249342,5.903270566934732,51.30403206348435
C016,Kardemir,2023,Steel / Heavy,Turkey,https://www.example.com/kardemir_2023_report.pdf,1686776.8883892708,192731.85146557467,3339582.630878525,5219091.37073337,39.86585766104932,10517732.573823677,5602638.808071498,65248.366744288476,0,0,,40.39049150508294,20.38825197812022,2.8831312531637248,38.09983940962076,28.239548977941634,1,1,1,53.12906307173887,72.91830999287774,34.993041816242396,31.862814096515777,63.72489257419551,69.20155545658272,12.360281061653525,7.642090130324728,50.012137335697425
C016,Kardemir,2024,Steel / Heavy,Turkey,https://www.example.com/kardemir_2024_report.pdf,1767594.8711588334,196179.07961241237,3651672.6868745512,5615446.637645797,39.10300543092269,10159381.308993014,5217828.799881699,63810.195323937485,1,1,2050.0,42.772561762396236,20.746010021205883,2.5556322838804877,39.7361241416405,28.310680647416657,1,1,1,50.798015919395745,75.16289813631803,32.32867862062822,34.02032752694861,64.45476214515051,72.50856758455103,12.521294073435206,6.120319514606147,50.8698904811245
C017,Mavi Giyim,2020,Textile / Retail,Turkey,https://www.example.com/mavi_giyim_2020_report.pdf,630940.8433238917,169018.92713455705,6843171.014495617,7643130.784954065,31.644414681744323,23860957.475739393,4772787.665184984,9078.204849493792,0,1,,31.628549944211773,30.872877380810237,3.26339614063407,33.220879938430976,12.19288404356995,0,1,1,52.396919596270315,42.0269635261728,54.514432565452914,19.921862997203846,53.51874517474339,68.51460156255654,10.295393904718393,3.1973167184757747,72.72337774669786
C017,Mavi Giyim,2021,Textile / Retail,Turkey,https://www.example.com/mavi_giyim_2021_report.pdf,639735.618838803,172502.31344785244,6696814.835189324,7509052.767475979,33.668791846278204,23785783.7204529,4844658.4680180885,9114.709211955827,0,1,,32.79306832697604,31.456334641722762,2.853896350777636,33.931112594647836,12.787234440982257,0,1,1,53.23870788948497,44.70675458877817,54.418215628969484,23.143151365254557,55.696326381605,70.55007302938415,10.34396857422998,3.652931424722558,73.56831347420167
C017,Mavi Giyim,2022,Textile / Retail,Turkey,https://www.example.com/mavi_giyim_2022_report.pdf,574958.3268001413,160097.42745501507,6332075.792280549,7067131.546535705,33.95087257298237,22053480.10037759,4638898.887549,8547.228089263202,0,1,,32.237666016635465,30.2523537459547,3.0285925125694964,34.974277029321385,12.996265992553926,0,1,1,53.61441866897673,44.43749047831526,54.45023480123731,23.12175069922489,54.464939615577684,69.4728227937557,10.519344431723551,2.1020892077237723,76.05393480804594
C017,Mavi Giyim,2023,Textile / Retail,Turkey,https://www.example.com/mavi_giyim_2023_report.pdf,532686.0315866708,144508.30121166864,5686251.341669388,6363445.674467728,38.764202546464205,22941083.84131969,4682756.801833693,8786.216068591088,1,0,2035.0,34.773881644492384,33.71477307893115,2.489970877876557,34.50212784391142,13.060465583108847,1,1,1,55.15349593995592,46.4339333524408,55.04729515914737,25.265730239630265,58.28215483745586,64.15513363489339,10.597399315229776,2.2143915736914526,74.05558473484022
C017,Mavi Giyim,2024,Textile / Retail,Turkey,https://www.example.com/mavi_giyim_2024_report.pdf,544012.2891495627,136390.51201654953,5567622.763357224,6248025.5645233365,38.306311319030875,22335288.931739584,4475819.823734995,8462.856371796957,1,0,2035.0,36.56655028128178,35.404140609109945,2.5968856064259853,35.18125987747835,13.433373301526238,0,1,1,57.386513528946814,46.6228965649939,52.282245009650126,23.392555741915764,57.867760343807966,62.35930587149721,10.67983021909309,1.607227607124531,75.16707562065038
C018,Tofaş,2020,Automotive,Turkey,https://www.example.com/tofaş_2020_report.pdf,802343.0687629171,205738.96010495347,7978496.768278695,8986578.797146566,38.030496814907195,30113864.40955812,4523509.829813512,31299.824072688847,0,1,,31.43876242270606,28.385166230843193,3.213725294802853,28.153430203216207,20.10771661161092,0,1,1,53.963803521499536,42.84718742281241,56.606153180850754,48.4069300349239,45.215765315241605,69.62217372733414,11.300829637324657,5.196309668642696,70.69405688271063
C018,Tofaş,2021,Automotive,Turkey,https://www.example.com/tofaş_2021_report.pdf,751065.0789742769,198779.30216286617,7869499.437669987,8819343.81880713,41.15976093138356,29519067.625524804,4473646.2903826125,30761.45571821932,0,1,,33.097981382012314,30.484473482808294,2.9943353032380426,27.914679315901363,19.90021793294069,0,1,0,55.71347266977798,43.106584004011225,51.58267516183371,48.041387143994086,46.3775246907147,68.91831121091973,11.455616962859475,5.1041254101258975,69.28063742049997
C018,Tofaş,2022,Automotive,Turkey,https://www.example.com/tofaş_2022_report.pdf,787221.1082820293,188658.27911226157,7991412.457217769,8967291.84461206,43.73748528635819,27776303.758707415,4500237.117435559,30289.10826965467,0,1,,33.529798051917965,31.80996783650232,2.97490988542653,28.44565370484415,20.773894861356755,0,1,0,54.96861250165071,46.1980744874361,51.5781310003738,45.544163259842065,45.641841770392624,71.2801827341646,11.509779232603263,4.060249218859147,70.71831482405985
C018,Tofaş,2023,Automotive,Turkey,https://www.example.com/tofaş_2023_report.pdf,685029.132449254,165229.7962845015,7307838.023886702,8158096.952620458,44.835531854884344,28024578.258863356,4261404.411644665,29503.96559441666,0,0,,34.452888389157316,31.863747988134584,3.000088488814621,28.2913957916552,21.123873362276107,1,1,0,57.55242215105847,45.99816127057145,48.08930248213431,50.439116755817906,48.07522837283084,73.18863871826974,11.604523348462292,3.5644260380800334,67.22166638402356
C018,Tofaş,2024,Automotive,Turkey,https://www.example.com/tofaş_2024_report.pdf,613995.939258894,154639.27642603454,6092997.172640759,6861632.3883256875,47.481754403604924,26896513.590752263,4081039.1093743774,28512.2866374163,0,1,,35.97506150498382,34.422407516418744,2.6115922830747196,29.46767748296977,21.292023203268133,0,0,0,56.71963243495452,47.068181177363506,47.95175913054187,48.68541402598954,47.82515726937156,72.46944472565113,11.792902734573808,4.484238763930098,68.33807272536713
C019,Ülker,2020,Food / Consumer,Turkey,https://www.example.com/ülker_2020_report.pdf,510767.54725050234,458923.16246136924,631737.601592455,1601428.3113043266,39.354381926038215,2297181.717246475,5440022.8448632,43324.85772022454,1,0,2035.0,31.070990311010274,49.602338448525764,1.9940742400811722,40.14583323861443,23.99039220174665,1,0,1,82.01463860205736,42.12291392594908,43.24460705172165,52.92275811666208,56.12411846000936,62.28015557860451,12.166580782430769,5.538844839758529,38.48146724195456
C019,Ülker,2021,Food / Consumer,Turkey,https://www.example.com/ülker_2021_report.pdf,510726.36534938746,448014.3663259995,600711.629176494,1559452.3608518809,41.34480492513936,2141837.921715389,5324732.719513833,43384.17141301753,1,0,2030.0,32.72196447440315,48.82007421261892,1.8141165947257172,41.41839798120123,24.722452749853037,1,1,1,83.03417979387822,43.87003140951243,44.08727604970537,56.956711021859334,57.394309926662295,58.55465891017044,12.282357453217505,3.180122592381675,38.755881119097346
C019,Ülker,2022,Food / Consumer,Turkey,https://www.example.com/ülker_2022_report.pdf,508990.7632180215,452610.5887511893,578077.190686354,1539678.5426555648,42.25791806902984,2193608.6889120326,5154633.802919449,42513.479507929485,0,0,,33.2177315161137,53.893351198328986,1.606663946760143,41.94426424807797,24.65918894826083,0,0,1,83.72328666065974,45.74046600071762,40.39856252779135,57.6050417382151,56.01554028108977,57.022493084354345,12.370575027926607,5.645078864286273,39.733347816656604
C019,Ülker,2023,Food / Consumer,Turkey,https://www.example.com/ülker_2023_report.pdf,457692.2917969642,386272.32462630945,508329.6332950916,1352294.2497183653,43.40177340041532,2149110.4903724273,5093194.864631363,40283.787568236134,1,1,2040.0,34.902082277581506,52.63202575407978,1.6573790752690263,41.4657368524529,25.48228061374318,1,1,0,82.6561303425888,43.068290400731065,43.44644663551002,53.55284541864358,61.04318688922064,61.43773590497027,12.493226010624472,5.679236768351608,37.550916041725294
C019,Ülker,2024,Food / Consumer,Turkey,https://www.example.com/ülker_2024_report.pdf,480421.9375301574,436289.4229603532,551819.7383447741,1468531.0988352848,45.98796055600429,1997157.4111214771,4793179.907881224,37584.2395148948,1,0,2030.0,34.6948855199606,55.85406009960258,1.6902647082517188,42.293923539370994,26.060631504794213,1,1,1,84.1066585987567,46.156882459649566,39.951833750598446,60.61527705471282,63.351933461311866,57.384375209815154,12.626799307719459,4.187227076068828,39.43201799491342
C020,Pegasus,2020,Aviation,Turkey,https://www.example.com/pegasus_2020_report.pdf,979376.9667168581,196022.22499269026,5960955.346681117,7136354.538390665,7.691930961013958,29176681.151559357,6017445.746863442,55189.73415143713,1,0,2030.0,39.78629541442087,39.01584517848159,0.7223121375236421,48.671765115098275,26.908155217440147,1,1,1,63.29971541472351,74.06254007337981,60.926506725286416,21.021994156565256,28.341988780410393,57.33241083174426,12.844598058449387,10.07450686839275,36.253438163736895
C020,Pegasus,2021,Aviation,Turkey,https://www.example.com/pegasus_2021_report.pdf,906547.4826673301,187540.03598171537,5953050.708520816,7047138.227169861,8.195272974372646,28350573.24572405,5966917.801019682,53671.11259678741,1,0,2050.0,39.86988682709207,37.80622305116823,0.7364880567755079,48.496660895141325,27.249844163077846,1,1,1,65.00726088731629,74.89409908714092,57.51521693884153,20.897062503059306,24.790297649855944,53.67536754299845,13.006149479501719,9.802416197222428,36.633957751418045
C020,Pegasus,2022,Aviation,Turkey,https://www.example.com/pegasus_2022_report.pdf,849349.5643479445,169817.2412036226,5382720.311967209,6401887.117518776,8.834035739539017,27601628.655928094,5733858.984343541,52531.06065364051,1,1,2040.0,41.41285726057357,42.09815527413422,0.7126203362633342,47.9945965123135,27.647773577014807,1,1,0,67.61875408824379,76.05539081025316,56.281224224279214,22.99365341880796,28.35139273024324,59.02771148416398,13.135171977398942,8.96562633458851,38.45823003833918
C020,Pegasus,2023,Aviation,Turkey,https://www.example.com/pegasus_2023_report.pdf,845053.3235586216,156690.490198055,4920968.516205875,5922712.329962552,9.163238355369257,28104589.60216419,5792823.551327609,55135.51191686187,0,1,,42.54794990967162,41.36161023849195,0.6453114084208974,49.0461241771229,27.805094318068278,1,1,1,67.15610010538403,76.09692978303652,55.588402471549855,23.194479575122873,29.762228427977814,57.2901766909407,13.222677788403937,9.44944878455015,38.42048411875753
C020,Pegasus,2024,Aviation,Turkey,https://www.example.com/pegasus_2024_report.pdf,832547.5567554166,164507.70350042134,5174892.657699205,6171947.917955043,9.306955341283452,25878444.56718318,5196670.57382303,50042.7041960299,0,1,,45.76227024508152,47.357666975263726,0.5607917663646927,49.08489873085958,28.183877604935514,1,1,1,66.65061455231914,77.25441839396832,55.423288748706284,21.568803524267484,26.53501240005408,60.341564423142664,13.36516577053021,9.217330892502977,35.477530103703536
